Admin - Admin123

Sabugo - Sabugo23

SaloiosDMaria - Saloios23

Maceira - Maceira23

Montelavar - Montelavar23

Negrais - Negrais23

AlmargemDoBispo - Almargem23

Albogas - Albogas23

ValeDeLobo - Vale23

Camarões - Camaroes23

Anços - Anços23

Almornos - Almornos23

Aruil - Aruil23

CamponesesDMaria - Camponeses23

CovasDeFerro - Covas23

PêroPinheiro - Pero23